{
	"pc_api": {
		"url": "https://webapi.mcny.edu/",
		"username": "username",
		"password": "astrongpassword"
	},
	"pc_database_string": "Driver={ODBC Driver 17 for SQL Server};Server=servername;Database=campus6;Trusted_Connection=yes;ServerSPN=MSSQLSvc/servername.local.domain.edu;",
	"mapping_file_location": "\\\\servername\\PowerCampus Mapper\\recruiterMapping.xml",
	"app_status_log_table": "[SomeDatabase].[dbo].[PowerSlate_AppStatus_Log]",
	"slate_query_apps": {
		"url": "https://apply.mcny.edu/manage/query/run?id=xxxx&h=xxxx&cmd=service&output=json",
		"username": "username",
		"password": "astrongpassword"
	},
	"slate_upload": {
		"url": "https://apply.mcny.edu/manage/service/import?cmd=load&format=xxxx",
		"username": "service_user",
		"password": "astrongpassword"
	},
	"smtp": {
		"subject": "PowerSlate Notification",
		"from": "sender@mcny.edu",
		"to": "recipient@mcny.edu",
		"server": "smtp.office365.com",
		"username": "sender@mcny.edu",
		"password": "astrongpassword"
	},
	"scheduled_actions": {
		"enabled": true,
		"slate_get": {
			"url": "https://apply.mcny.edu/manage/query/run?id=xxxx&h=xxxx&cmd=service&output=json",
			"username": "username",
			"password": "astrongpassword"
		}
	},
	"defaults": {
		"address_country": null,
		"phone_country": "US",
		"phone_type": 1
	},
	"error_strings": {
		"no_apps": "No applications found. Perhaps the application(s) are not submitted or are missing required fields?"
	}
}
