{
	"pf_database_string": "Driver={ODBC Driver 17 for SQL Server};Server=servername;Database=PFAIDS;Trusted_Connection=yes;ServerSPN=MSSQLSvc/servername.local.domain.edu;",
	"slate_query_govid": {
		"url": "https://apply.mcny.edu/manage/query/run?id=xxxx&h=xxxx&cmd=service&output=json",
		"username": "username",
		"password": "astrongpassword"
	},
	"slate_upload": {
		"url": "https://apply.mcny.edu/manage/service/import?cmd=load&format=5653d79b-638a-491c-8fbd-14dbdb792791",
		"username": "username",
		"password": "astrongpassword"
	},
	"smtp": {
		"subject": "PowerSlate Notification",
		"from": "sender@mcny.edu",
		"to": "recipient@mcny.edu",
		"server": "smtp.office365.com",
		"username": "sender@mcny.edu",
		"password": "astrongpassword"
	}
}
